{
    "loss": 13.113531112670898,
    "accuracy": 0.5467625856399536
}