{
    "loss": 14.8518648147583,
    "accuracy": 0.5035971403121948
}