{
    "loss": 18.335031509399414,
    "accuracy": 0.48201438784599304
}