{
    "loss": 5.179932594299316,
    "accuracy": 0.5035971403121948
}