{
    "loss": 36.24791717529297,
    "accuracy": 0.5179855823516846
}