{
    "loss": 27.216346740722656,
    "accuracy": 0.48201438784599304
}