{
    "loss": 10.052020072937012,
    "accuracy": 0.5035971403121948
}